Year,County,HarvestDoe,HarvestedBuck,CountyTotalHarvest
2017,Appling,1054,816,1870
2017,Atkinson,701,725,1426
2017,Bacon,510,567,1077
2017,Baker,1058,537,1595
2017,Baldwin,791,668,1459
2017,Banks,565,729,1294
2017,Barrow,348,720,1068
2017,Bartow,984,404,1388
2017,Ben Hill,597,436,1033
2017,Berrien,1139,1030,2169
2017,Bibb,393,324,717
2017,Bleckley,439,317,756
2017,Brantley,309,250,559
2017,Brooks,909,850,1759
2017,Bryan,536,496,1032
2017,Bulloch,1353,1143,2496
2017,Burke,3072,1880,4952
2017,Butts,387,410,797
2017,Calhoun,1108,648,1756
2017,Camden,322,301,623
2017,Candler,790,463,1253
2017,Carroll,1044,1018,2062
2017,Catoosa,242,344,586
2017,Charlton,207,207,414
2017,Chatham,323,191,514
2017,Chattahoochee,865,492,1357
2017,Chattooga,730,776,1506
2017,Cherokee,994,896,1890
2017,Clarke,638,333,971
2017,Clay,937,582,1519
2017,Clayton,145,77,222
2017,Clinch,508,466,974
2017,Cobb,250,232,482
2017,Coffee,1592,1591,3183
2017,Colquitt,854,796,1650
2017,Columbia,1123,745,1868
2017,Cook,552,468,1020
2017,Coweta,1226,1341,2567
2017,Crawford,905,834,1739
2017,Crisp,660,469,1129
2017,Dade,330,379,709
2017,Dawson,284,404,688
2017,Decatur,1261,940,2201
2017,DeKalb,105,90,195
2017,Dodge,1452,900,2352
2017,Dooly,901,465,1366
2017,Dougherty,690,573,1263
2017,Douglas,616,475,1091
2017,Early,1050,811,1861
2017,Echols,243,242,485
2017,Effingham,961,744,1705
2017,Elbert,1474,1194,2668
2017,Emanuel,1916,1328,3244
2017,Evans,599,414,1013
2017,Fannin,417,427,844
2017,Fayette,501,428,929
2017,Floyd,1309,1488,2797
2017,Forsyth,680,521,1201
2017,Franklin,582,820,1402
2017,Fulton,963,691,1654
2017,Gilmer,490,404,894
2017,Glascock,439,338,777
2017,Glynn,276,238,514
2017,Gordon,1041,1177,2218
2017,Grady,715,492,1207
2017,Greene,1777,1259,3036
2017,Gwinnett,576,521,1097
2017,Habersham,526,760,1286
2017,Hall,1348,1400,2748
2017,Hancock,3287,1437,4724
2017,Haralson,622,683,1305
2017,Harris,1938,1077,3015
2017,Hart,521,760,1281
2017,Heard,872,831,1703
2017,Henry,864,697,1561
2017,Houston,839,778,1617
2017,Irwin,1078,711,1789
2017,Jackson,1363,1331,2694
2017,Jasper,1488,1156,2644
2017,Jeff Davis,1221,821,2042
2017,Jefferson,1548,1148,2696
2017,Jenkins,951,573,1524
2017,Johnson,746,535,1281
2017,Jones,1326,1056,2382
2017,Lamar,544,557,1101
2017,Lanier,397,308,705
2017,Laurens,2118,1321,3439
2017,Lee,1994,1131,3125
2017,Liberty,645,475,1120
2017,Lincoln,1027,636,1663
2017,Long,357,297,654
2017,Lowndes,1035,922,1957
2017,Lumpkin,466,656,1122
2017,Macon,1235,624,1859
2017,Madison,1254,1213,2467
2017,Marion,1486,1020,2506
2017,McDuffie,746,690,1436
2017,McIntosh,213,214,427
2017,Meriwether,2655,1371,4026
2017,Miller,390,308,698
2017,Mitchell,634,542,1176
2017,Monroe,1047,940,1987
2017,Montgomery,653,327,980
2017,Morgan,1271,938,2209
2017,Murray,431,521,952
2017,Muscogee,696,473,1169
2017,Newton,832,753,1585
2017,Oconee,484,444,928
2017,Oglethorpe,1863,1545,3408
2017,Paulding,616,612,1228
2017,Peach,494,426,920
2017,Pickens,303,384,687
2017,Pierce,272,278,550
2017,Pike,777,825,1602
2017,Polk,1058,933,1991
2017,Pulaski,451,364,815
2017,Putnam,1470,1007,2477
2017,Quitman,519,409,928
2017,Rabun,83,172,255
2017,Randolph,1729,989,2718
2017,Richmond,549,447,996
2017,Rockdale,339,279,618
2017,Schley,896,646,1542
2017,Screven,1387,1318,2705
2017,Seminole,207,165,372
2017,Spalding,457,483,940
2017,Stephens,228,317,545
2017,Stewart,2105,1317,3422
2017,Sumter,1957,1437,3394
2017,Talbot,1942,1063,3005
2017,Taliaferro,697,589,1286
2017,Tattnall,851,779,1630
2017,Taylor,1584,1085,2669
2017,Telfair,857,553,1410
2017,Terrell,1161,951,2112
2017,Thomas,1010,731,1741
2017,Tift,435,338,773
2017,Toombs,1097,995,2092
2017,Towns,103,154,257
2017,Treutlen,487,375,862
2017,Troup,1449,763,2212
2017,Turner,666,490,1156
2017,Twiggs,1395,807,2202
2017,Union,559,471,1030
2017,Upson,1212,1133,2345
2017,Walker,853,862,1715
2017,Walton,1025,868,1893
2017,Ware,807,777,1584
2017,Warren,1342,872,2214
2017,Washington,2079,1607,3686
2017,Wayne,541,501,1042
2017,Webster,932,656,1588
2017,Wheeler,535,400,935
2017,White,387,559,946
2017,Whitfield,380,688,1068
2017,Wilcox,739,554,1293
2017,Wilkes,2168,1610,3778
2017,Wilkinson,1549,1120,2669
2017,Worth,1562,1219,2781
2018,Appling,1044,1138,2182
2018,Atkinson,629,940,1569
2018,Bacon,426,671,1097
2018,Baker,1292,744,2036
2018,Baldwin,641,745,1386
2018,Banks,442,969,1411
2018,Barrow,347,516,863
2018,Bartow,1226,1265,2491
2018,Ben Hill,924,643,1567
2018,Berrien,1279,1299,2578
2018,Bibb,343,360,703
2018,Bleckley,519,474,993
2018,Brantley,301,327,628
2018,Brooks,1098,1495,2593
2018,Bryan,755,789,1544
2018,Bulloch,1701,1520,3221
2018,Burke,4179,2990,7169
2018,Butts,382,480,862
2018,Calhoun,1161,830,1991
2018,Camden,353,435,788
2018,Candler,1039,593,1632
2018,Carroll,959,1260,2219
2018,Catoosa,217,308,525
2018,Charlton,273,308,581
2018,Chatham,454,359,813
2018,Chattahoochee,739,670,1409
2018,Chattooga,695,802,1497
2018,Cherokee,1117,1196,2313
2018,Clarke,483,363,846
2018,Clay,1061,724,1785
2018,Clayton,117,101,218
2018,Clinch,506,595,1101
2018,Cobb,218,244,462
2018,Coffee,1596,2035,3631
2018,Colquitt,1007,1012,2019
2018,Columbia,1058,949,2007
2018,Cook,572,721,1293
2018,Coweta,1092,1305,2397
2018,Crawford,1030,1123,2153
2018,Crisp,709,636,1345
2018,Dade,370,420,790
2018,Dawson,334,536,870
2018,Decatur,1496,1133,2629
2018,DeKalb,67,99,166
2018,Dodge,1420,1161,2581
2018,Dooly,980,681,1661
2018,Dougherty,671,582,1253
2018,Douglas,525,584,1109
2018,Early,1276,1067,2343
2018,Echols,277,304,581
2018,Effingham,1536,1399,2935
2018,Elbert,1572,1468,3040
2018,Emanuel,2200,1773,3973
2018,Evans,645,573,1218
2018,Fannin,413,733,1146
2018,Fayette,351,384,735
2018,Floyd,1445,1486,2931
2018,Forsyth,577,593,1170
2018,Franklin,532,958,1490
2018,Fulton,877,865,1742
2018,Gilmer,433,598,1031
2018,Glascock,513,400,913
2018,Glynn,367,399,766
2018,Gordon,1174,1289,2463
2018,Grady,866,652,1518
2018,Greene,1429,1465,2894
2018,Gwinnett,440,558,998
2018,Habersham,443,897,1340
2018,Hall,1571,1876,3447
2018,Hancock,2678,1786,4464
2018,Haralson,603,855,1458
2018,Harris,1621,1297,2918
2018,Hart,491,976,1467
2018,Heard,750,940,1690
2018,Henry,638,699,1337
2018,Houston,854,959,1813
2018,Irwin,1387,892,2279
2018,Jackson,1324,1591,2915
2018,Jasper,1310,1409,2719
2018,Jeff Davis,952,990,1942
2018,Jefferson,1923,1609,3532
2018,Jenkins,1311,800,2111
2018,Johnson,728,730,1458
2018,Jones,997,1111,2108
2018,Lamar,537,665,1202
2018,Lanier,375,422,797
2018,Laurens,2328,1782,4110
2018,Lee,2002,1521,3523
2018,Liberty,743,731,1474
2018,Lincoln,980,850,1830
2018,Long,384,367,751
2018,Lowndes,1446,1427,2873
2018,Lumpkin,466,848,1314
2018,Macon,1234,852,2086
2018,Madison,1390,1539,2929
2018,Marion,1639,1484,3123
2018,McDuffie,699,831,1530
2018,McIntosh,247,276,523
2018,Meriwether,2094,1420,3514
2018,Miller,489,436,925
2018,Mitchell,760,686,1446
2018,Monroe,1058,1116,2174
2018,Montgomery,632,345,977
2018,Morgan,1113,1162,2275
2018,Murray,417,558,975
2018,Muscogee,448,482,930
2018,Newton,709,882,1591
2018,Oconee,442,499,941
2018,Oglethorpe,1900,1893,3793
2018,Paulding,633,829,1462
2018,Peach,561,511,1072
2018,Pickens,299,477,776
2018,Pierce,313,369,682
2018,Pike,791,945,1736
2018,Polk,1097,1050,2147
2018,Pulaski,573,487,1060
2018,Putnam,1173,1128,2301
2018,Quitman,632,533,1165
2018,Rabun,67,247,314
2018,Randolph,2082,1550,3632
2018,Richmond,739,647,1386
2018,Rockdale,256,299,555
2018,Schley,866,732,1598
2018,Screven,1978,2075,4053
2018,Seminole,262,228,490
2018,Spalding,411,566,977
2018,Stephens,215,373,588
2018,Stewart,2139,1901,4040
2018,Sumter,1931,1716,3647
2018,Talbot,1387,1265,2652
2018,Taliaferro,617,765,1382
2018,Tattnall,1036,1050,2086
2018,Taylor,1345,1324,2669
2018,Telfair,750,671,1421
2018,Terrell,1368,1244,2612
2018,Thomas,1398,1000,2398
2018,Tift,570,427,997
2018,Toombs,1133,1407,2540
2018,Towns,112,236,348
2018,Treutlen,555,437,992
2018,Troup,1170,831,2001
2018,Turner,687,566,1253
2018,Twiggs,1296,1087,2383
2018,Union,643,774,1417
2018,Upson,1132,1229,2361
2018,Walker,883,1011,1894
2018,Walton,1046,1001,2047
2018,Ware,707,887,1594
2018,Warren,1196,1195,2391
2018,Washington,2267,2040,4307
2018,Wayne,711,626,1337
2018,Webster,998,966,1964
2018,Wheeler,561,508,1069
2018,White,310,648,958
2018,Whitfield,395,663,1058
2018,Wilcox,793,742,1535
2018,Wilkes,1856,1867,3723
2018,Wilkinson,1361,1237,2598
2018,Worth,1671,1607,3278
2019,Appling,998,709,1707
2019,Atkinson,507,455,962
2019,Bacon,563,451,1014
2019,Baker,841,420,1261
2019,Baldwin,918,862,1780
2019,Banks,534,858,1392
2019,Barrow,404,545,949
2019,Bartow,1264,1454,2718
2019,Ben Hill,670,500,1170
2019,Berrien,1127,890,2017
2019,Bibb,407,393,800
2019,Bleckley,485,400,885
2019,Brantley,389,283,672
2019,Brooks,943,862,1805
2019,Bryan,686,506,1192
2019,Bulloch,1611,1228,2839
2019,Burke,3942,2638,6580
2019,Butts,488,511,999
2019,Calhoun,861,591,1452
2019,Camden,445,352,797
2019,Candler,1049,526,1575
2019,Carroll,1039,1206,2245
2019,Catoosa,255,368,623
2019,Charlton,247,374,621
2019,Chatham,330,205,535
2019,Chattahoochee,908,632,1540
2019,Chattooga,721,812,1533
2019,Cherokee,1340,1264,2604
2019,Clarke,446,378,824
2019,Clay,825,516,1341
2019,Clayton,115,104,219
2019,Clinch,417,402,819
2019,Cobb,259,257,516
2019,Coffee,1271,1191,2462
2019,Colquitt,829,813,1642
2019,Columbia,1253,1048,2301
2019,Cook,450,435,885
2019,Coweta,1216,1360,2576
2019,Crawford,1420,1161,2581
2019,Crisp,584,484,1068
2019,Dade,493,553,1046
2019,Dawson,413,570,983
2019,Decatur,1061,807,1868
2019,DeKalb,157,154,311
2019,Dodge,1472,1029,2501
2019,Dooly,923,497,1420
2019,Dougherty,490,396,886
2019,Douglas,551,546,1097
2019,Early,977,783,1760
2019,Echols,266,250,516
2019,Effingham,1614,1030,2644
2019,Elbert,1925,1568,3493
2019,Emanuel,1847,1383,3230
2019,Evans,533,447,980
2019,Fannin,501,834,1335
2019,Fayette,435,394,829
2019,Floyd,1455,1641,3096
2019,Forsyth,748,699,1447
2019,Franklin,607,988,1595
2019,Fulton,1037,953,1990
2019,Gilmer,455,633,1088
2019,Glascock,546,474,1020
2019,Glynn,314,244,558
2019,Gordon,1233,1312,2545
2019,Grady,607,490,1097
2019,Greene,1711,1550,3261
2019,Gwinnett,565,614,1179
2019,Habersham,578,861,1439
2019,Hall,1913,1991,3904
2019,Hancock,2964,1991,4955
2019,Haralson,637,712,1349
2019,Harris,1502,1230,2732
2019,Hart,679,991,1670
2019,Heard,834,874,1708
2019,Henry,609,712,1321
2019,Houston,1014,803,1817
2019,Irwin,1000,613,1613
2019,Jackson,1402,1544,2946
2019,Jasper,1561,1448,3009
2019,Jeff Davis,886,736,1622
2019,Jefferson,2004,1657,3661
2019,Jenkins,1117,657,1774
2019,Johnson,899,655,1554
2019,Jones,1286,1280,2566
2019,Lamar,627,602,1229
2019,Lanier,393,262,655
2019,Laurens,2658,1788,4446
2019,Lee,1492,901,2393
2019,Liberty,539,396,935
2019,Lincoln,1059,892,1951
2019,Long,338,341,679
2019,Lowndes,1271,1073,2344
2019,Lumpkin,598,845,1443
2019,Macon,1342,758,2100
2019,Madison,1623,1510,3133
2019,Marion,1317,1013,2330
2019,McDuffie,950,928,1878
2019,McIntosh,349,205,554
2019,Meriwether,2373,1527,3900
2019,Miller,402,246,648
2019,Mitchell,573,458,1031
2019,Monroe,1210,1199,2409
2019,Montgomery,589,313,902
2019,Morgan,1467,1387,2854
2019,Murray,539,657,1196
2019,Muscogee,494,415,909
2019,Newton,960,1056,2016
2019,Oconee,495,549,1044
2019,Oglethorpe,2089,1926,4015
2019,Paulding,675,759,1434
2019,Peach,586,496,1082
2019,Pickens,444,550,994
2019,Pierce,343,313,656
2019,Pike,887,877,1764
2019,Polk,1150,1155,2305
2019,Pulaski,535,493,1028
2019,Putnam,1352,1351,2703
2019,Quitman,560,423,983
2019,Rabun,63,224,287
2019,Randolph,1632,1143,2775
2019,Richmond,798,683,1481
2019,Rockdale,267,309,576
2019,Schley,746,590,1336
2019,Screven,2188,1496,3684
2019,Seminole,135,167,302
2019,Spalding,517,564,1081
2019,Stephens,227,349,576
2019,Stewart,1914,1525,3439
2019,Sumter,1683,1277,2960
2019,Talbot,1356,1104,2460
2019,Taliaferro,880,798,1678
2019,Tattnall,963,868,1831
2019,Taylor,1654,1346,3000
2019,Telfair,710,594,1304
2019,Terrell,1229,903,2132
2019,Thomas,879,716,1595
2019,Tift,441,304,745
2019,Toombs,1181,937,2118
2019,Towns,111,215,326
2019,Treutlen,416,367,783
2019,Troup,1203,829,2032
2019,Turner,586,448,1034
2019,Twiggs,1386,906,2292
2019,Union,580,778,1358
2019,Upson,1220,1186,2406
2019,Walker,987,1029,2016
2019,Walton,1130,1213,2343
2019,Ware,736,673,1409
2019,Warren,1469,1248,2717
2019,Washington,2614,2045,4659
2019,Wayne,731,494,1225
2019,Webster,881,674,1555
2019,Wheeler,492,457,949
2019,White,488,668,1156
2019,Whitfield,365,632,997
2019,Wilcox,733,530,1263
2019,Wilkes,2222,1929,4151
2019,Wilkinson,1670,1262,2932
2019,Worth,1355,1097,2452
2020,Appling,794,749,1543
2020,Atkinson,344,462,806
2020,Bacon,412,416,828
2020,Baker,952,502,1454
2020,Baldwin,836,827,1663
2020,Banks,774,1001,1775
2020,Barrow,370,537,907
2020,Bartow,1158,1322,2480
2020,Ben Hill,533,462,995
2020,Berrien,833,967,1800
2020,Bibb,374,305,679
2020,Bleckley,483,420,903
2020,Brantley,289,315,604
2020,Brooks,735,771,1506
2020,Bryan,505,509,1014
2020,Bulloch,1207,1134,2341
2020,Burke,3213,2345,5558
2020,Butts,412,525,937
2020,Calhoun,775,549,1324
2020,Camden,392,333,725
2020,Candler,803,498,1301
2020,Carroll,1122,1377,2499
2020,Catoosa,312,407,719
2020,Charlton,232,407,639
2020,Chatham,195,185,380
2020,Chattahoochee,770,607,1377
2020,Chattooga,743,807,1550
2020,Cherokee,1194,1501,2695
2020,Clarke,399,363,762
2020,Clay,828,581,1409
2020,Clayton,120,83,203
2020,Clinch,460,511,971
2020,Cobb,283,320,603
2020,Coffee,918,1097,2015
2020,Colquitt,873,949,1822
2020,Columbia,1126,1051,2177
2020,Cook,439,467,906
2020,Coweta,1178,1363,2541
2020,Crawford,1239,951,2190
2020,Crisp,433,454,887
2020,Dade,642,556,1198
2020,Dawson,286,551,837
2020,Decatur,1082,1001,2083
2020,DeKalb,130,162,292
2020,Dodge,1453,1107,2560
2020,Dooly,800,571,1371
2020,Dougherty,401,356,757
2020,Douglas,504,558,1062
2020,Early,1020,928,1948
2020,Echols,293,310,603
2020,Effingham,924,819,1743
2020,Elbert,1662,1450,3112
2020,Emanuel,1477,1153,2630
2020,Evans,391,363,754
2020,Fannin,430,1037,1467
2020,Fayette,420,442,862
2020,Floyd,1458,1664,3122
2020,Forsyth,786,774,1560
2020,Franklin,935,1050,1985
2020,Fulton,1022,956,1978
2020,Gilmer,371,805,1176
2020,Glascock,495,417,912
2020,Glynn,315,275,590
2020,Gordon,1290,1250,2540
2020,Grady,623,589,1212
2020,Greene,1616,1515,3131
2020,Gwinnett,503,644,1147
2020,Habersham,351,857,1208
2020,Hall,1510,1747,3257
2020,Hancock,2943,1927,4870
2020,Haralson,642,839,1481
2020,Harris,1329,1158,2487
2020,Hart,948,1143,2091
2020,Heard,862,990,1852
2020,Henry,543,576,1119
2020,Houston,852,903,1755
2020,Irwin,964,692,1656
2020,Jackson,1283,1587,2870
2020,Jasper,1448,1442,2890
2020,Jeff Davis,703,659,1362
2020,Jefferson,1606,1401,3007
2020,Jenkins,925,641,1566
2020,Johnson,697,585,1282
2020,Jones,1136,1181,2317
2020,Lamar,555,602,1157
2020,Lanier,288,253,541
2020,Laurens,2536,1906,4442
2020,Lee,1134,979,2113
2020,Liberty,437,410,847
2020,Lincoln,959,814,1773
2020,Long,336,341,677
2020,Lowndes,873,918,1791
2020,Lumpkin,368,841,1209
2020,Macon,1157,642,1799
2020,Madison,1271,1431,2702
2020,Marion,884,829,1713
2020,McDuffie,843,861,1704
2020,McIntosh,280,222,502
2020,Meriwether,2135,1504,3639
2020,Miller,382,381,763
2020,Mitchell,508,601,1109
2020,Monroe,1106,1166,2272
2020,Montgomery,480,311,791
2020,Morgan,1475,1368,2843
2020,Murray,470,809,1279
2020,Muscogee,523,420,943
2020,Newton,968,1100,2068
2020,Oconee,445,533,978
2020,Oglethorpe,1987,1868,3855
2020,Paulding,667,771,1438
2020,Peach,520,447,967
2020,Pickens,333,616,949
2020,Pierce,289,355,644
2020,Pike,822,846,1668
2020,Polk,1150,1080,2230
2020,Pulaski,478,462,940
2020,Putnam,1439,1355,2794
2020,Quitman,512,440,952
2020,Rabun,59,226,285
2020,Randolph,1455,1092,2547
2020,Richmond,623,558,1181
2020,Rockdale,275,349,624
2020,Schley,596,505,1101
2020,Screven,1436,1218,2654
2020,Seminole,210,198,408
2020,Spalding,452,550,1002
2020,Stephens,123,352,475
2020,Stewart,1679,1402,3081
2020,Sumter,1292,1178,2470
2020,Talbot,1293,1089,2382
2020,Taliaferro,820,758,1578
2020,Tattnall,698,874,1572
2020,Taylor,1300,1191,2491
2020,Telfair,773,614,1387
2020,Terrell,1132,992,2124
2020,Thomas,907,763,1670
2020,Tift,382,372,754
2020,Toombs,719,797,1516
2020,Towns,59,315,374
2020,Treutlen,429,354,783
2020,Troup,1028,821,1849
2020,Turner,433,467,900
2020,Twiggs,1127,860,1987
2020,Union,430,936,1366
2020,Upson,1148,1227,2375
2020,Walker,926,1031,1957
2020,Walton,1012,1238,2250
2020,Ware,614,712,1326
2020,Warren,1383,1278,2661
2020,Washington,2312,1845,4157
2020,Wayne,580,553,1133
2020,Webster,747,637,1384
2020,Wheeler,536,477,1013
2020,White,313,698,1011
2020,Whitfield,319,688,1007
2020,Wilcox,530,544,1074
2020,Wilkes,2226,1889,4115
2020,Wilkinson,1576,1154,2730
2020,Worth,1256,1288,2544
2021,Appling,1092,771,1863
2021,Atkinson,457,454,911
2021,Bacon,477,419,896
2021,Baker,858,424,1282
2021,Baldwin,828,739,1567
2021,Banks,901,951,1852
2021,Barrow,460,568,1028
2021,Bartow,1267,1424,2691
2021,Ben Hill,553,430,983
2021,Berrien,949,814,1763
2021,Bibb,352,284,636
2021,Bleckley,574,437,1011
2021,Brantley,325,285,610
2021,Brooks,778,725,1503
2021,Bryan,673,573,1246
2021,Bulloch,1387,1147,2534
2021,Burke,3256,2162,5418
2021,Butts,456,505,961
2021,Calhoun,839,581,1420
2021,Camden,615,427,1042
2021,Candler,770,448,1218
2021,Carroll,1239,1368,2607
2021,Catoosa,345,465,810
2021,Charlton,321,341,662
2021,Chatham,263,208,471
2021,Chattahoochee,703,563,1266
2021,Chattooga,851,996,1847
2021,Cherokee,1209,1310,2519
2021,Clarke,401,348,749
2021,Clay,760,567,1327
2021,Clayton,129,111,240
2021,Clinch,532,476,1008
2021,Cobb,280,282,562
2021,Coffee,1141,1032,2173
2021,Colquitt,788,781,1569
2021,Columbia,1141,967,2108
2021,Cook,483,354,837
2021,Coweta,1391,1391,2782
2021,Crawford,1266,907,2173
2021,Crisp,454,427,881
2021,Dade,519,614,1133
2021,Dawson,318,494,812
2021,Decatur,1055,872,1927
2021,DeKalb,134,153,287
2021,Dodge,1434,1030,2464
2021,Dooly,778,463,1241
2021,Dougherty,381,389,770
2021,Douglas,526,590,1116
2021,Early,1259,945,2204
2021,Echols,434,334,768
2021,Effingham,1412,936,2348
2021,Elbert,1533,1319,2852
2021,Emanuel,1549,1146,2695
2021,Evans,571,461,1032
2021,Fannin,354,862,1216
2021,Fayette,467,428,895
2021,Floyd,1671,1817,3488
2021,Forsyth,736,755,1491
2021,Franklin,811,961,1772
2021,Fulton,1028,968,1996
2021,Gilmer,380,726,1106
2021,Glascock,632,468,1100
2021,Glynn,383,278,661
2021,Gordon,1273,1421,2694
2021,Grady,738,586,1324
2021,Greene,1751,1422,3173
2021,Gwinnett,438,597,1035
2021,Habersham,401,774,1175
2021,Hall,1658,1727,3385
2021,Hancock,3024,1833,4857
2021,Haralson,683,821,1504
2021,Harris,1438,1212,2650
2021,Hart,943,945,1888
2021,Heard,999,1061,2060
2021,Henry,605,612,1217
2021,Houston,928,729,1657
2021,Irwin,834,595,1429
2021,Jackson,1403,1435,2838
2021,Jasper,1572,1441,3013
2021,Jeff Davis,820,620,1440
2021,Jefferson,2043,1374,3417
2021,Jenkins,974,532,1506
2021,Johnson,836,622,1458
2021,Jones,1216,1053,2269
2021,Lamar,503,538,1041
2021,Lanier,402,341,743
2021,Laurens,2548,1667,4215
2021,Lee,1072,738,1810
2021,Liberty,558,419,977
2021,Lincoln,1009,757,1766
2021,Long,447,405,852
2021,Lowndes,1107,954,2061
2021,Lumpkin,419,773,1192
2021,Macon,1247,665,1912
2021,Madison,1381,1421,2802
2021,Marion,1158,925,2083
2021,McDuffie,1041,919,1960
2021,McIntosh,361,234,595
2021,Meriwether,2009,1483,3492
2021,Miller,431,374,805
2021,Mitchell,528,592,1120
2021,Monroe,1180,1041,2221
2021,Montgomery,578,307,885
2021,Morgan,1791,1415,3206
2021,Murray,666,1003,1669
2021,Muscogee,570,382,952
2021,Newton,1197,1024,2221
2021,Oconee,564,471,1035
2021,Oglethorpe,1969,1783,3752
2021,Paulding,634,724,1358
2021,Peach,574,391,965
2021,Pickens,293,572,865
2021,Pierce,397,285,682
2021,Pike,888,782,1670
2021,Polk,1202,1250,2452
2021,Pulaski,543,405,948
2021,Putnam,1406,1300,2706
2021,Quitman,586,475,1061
2021,Rabun,41,272,313
2021,Randolph,1505,1039,2544
2021,Richmond,616,544,1160
2021,Rockdale,294,335,629
2021,Schley,626,521,1147
2021,Screven,1801,1292,3093
2021,Seminole,228,185,413
2021,Spalding,470,477,947
2021,Stephens,141,356,497
2021,Stewart,1833,1517,3350
2021,Sumter,1385,1066,2451
2021,Talbot,1457,1028,2485
2021,Taliaferro,824,755,1579
2021,Tattnall,895,790,1685
2021,Taylor,1381,1192,2573
2021,Telfair,836,664,1500
2021,Terrell,1172,822,1994
2021,Thomas,846,723,1569
2021,Tift,384,317,701
2021,Toombs,1013,937,1950
2021,Towns,87,311,398
2021,Treutlen,457,382,839
2021,Troup,1337,873,2210
2021,Turner,486,405,891
2021,Twiggs,1137,869,2006
2021,Union,512,778,1290
2021,Upson,1159,1038,2197
2021,Walker,1003,1275,2278
2021,Walton,1246,1234,2480
2021,Ware,784,773,1557
2021,Warren,1612,1294,2906
2021,Washington,2382,1879,4261
2021,Wayne,667,444,1111
2021,Webster,770,631,1401
2021,Wheeler,572,488,1060
2021,White,300,663,963
2021,Whitfield,344,838,1182
2021,Wilcox,562,551,1113
2021,Wilkes,2322,1799,4121
2021,Wilkinson,1409,1111,2520
2021,Worth,1406,1088,2494
2022,Appling,1049,648,1697
2022,Atkinson,438,392,830
2022,Bacon,446,423,869
2022,Baker,842,391,1233
2022,Baldwin,919,730,1649
2022,Banks,772,805,1577
2022,Barrow,404,446,850
2022,Bartow,1455,1390,2845
2022,Ben Hill,530,376,906
2022,Berrien,1096,696,1792
2022,Bibb,292,277,569
2022,Bleckley,526,349,875
2022,Brantley,354,254,608
2022,Brooks,738,607,1345
2022,Bryan,759,539,1298
2022,Bulloch,1337,954,2291
2022,Burke,3186,1861,5047
2022,Butts,520,429,949
2022,Calhoun,938,528,1466
2022,Camden,550,352,902
2022,Candler,741,435,1176
2022,Carroll,1273,1158,2431
2022,Catoosa,376,501,877
2022,Charlton,356,501,857
2022,Chatham,315,218,533
2022,Chattahoochee,700,517,1217
2022,Chattooga,908,909,1817
2022,Cherokee,1404,1274,2678
2022,Clarke,413,254,667
2022,Clay,802,505,1307
2022,Clayton,158,90,248
2022,Clinch,593,387,980
2022,Cobb,337,271,608
2022,Coffee,1078,825,1903
2022,Colquitt,790,714,1504
2022,Columbia,1480,930,2410
2022,Cook,432,303,735
2022,Coweta,1263,1039,2302
2022,Crawford,1168,883,2051
2022,Crisp,493,315,808
2022,Dade,634,617,1251
2022,Dawson,364,443,807
2022,Decatur,1010,707,1717
2022,DeKalb,138,136,274
2022,Dodge,1424,989,2413
2022,Dooly,795,409,1204
2022,Dougherty,392,302,694
2022,Douglas,570,511,1081
2022,Early,1342,827,2169
2022,Echols,319,252,571
2022,Effingham,1346,803,2149
2022,Elbert,1644,1242,2886
2022,Emanuel,1622,1174,2796
2022,Evans,491,374,865
2022,Fannin,490,985,1475
2022,Fayette,431,320,751
2022,Floyd,1511,1714,3225
2022,Forsyth,826,591,1417
2022,Franklin,916,829,1745
2022,Fulton,909,810,1719
2022,Gilmer,482,879,1361
2022,Glascock,661,458,1119
2022,Glynn,344,212,556
2022,Gordon,1365,1488,2853
2022,Grady,604,435,1039
2022,Greene,1886,1332,3218
2022,Gwinnett,440,487,927
2022,Habersham,458,725,1183
2022,Hall,1599,1341,2940
2022,Hancock,3258,1718,4976
2022,Haralson,874,678,1552
2022,Harris,1475,1057,2532
2022,Hart,1050,837,1887
2022,Heard,1074,805,1879
2022,Henry,586,512,1098
2022,Houston,889,634,1523
2022,Irwin,830,467,1297
2022,Jackson,1238,1098,2336
2022,Jasper,1668,1168,2836
2022,Jeff Davis,765,507,1272
2022,Jefferson,2040,1251,3291
2022,Jenkins,906,601,1507
2022,Johnson,852,528,1380
2022,Jones,1352,946,2298
2022,Lamar,646,491,1137
2022,Lanier,354,237,591
2022,Laurens,2594,1702,4296
2022,Lee,1003,651,1654
2022,Liberty,585,429,1014
2022,Lincoln,1097,696,1793
2022,Long,481,349,830
2022,Lowndes,920,831,1751
2022,Lumpkin,468,670,1138
2022,Macon,1470,598,2068
2022,Madison,1310,1140,2450
2022,Marion,1260,850,2110
2022,McDuffie,1074,857,1931
2022,McIntosh,358,224,582
2022,Meriwether,2035,1169,3204
2022,Miller,455,315,770
2022,Mitchell,628,481,1109
2022,Monroe,1149,911,2060
2022,Montgomery,582,326,908
2022,Morgan,1685,1139,2824
2022,Murray,886,930,1816
2022,Muscogee,592,348,940
2022,Newton,930,809,1739
2022,Oconee,453,369,822
2022,Oglethorpe,2143,1516,3659
2022,Paulding,727,679,1406
2022,Peach,573,388,961
2022,Pickens,327,496,823
2022,Pierce,356,288,644
2022,Pike,854,646,1500
2022,Polk,1358,1294,2652
2022,Pulaski,536,361,897
2022,Putnam,1628,1199,2827
2022,Quitman,632,443,1075
2022,Rabun,52,244,296
2022,Randolph,1575,1013,2588
2022,Richmond,644,501,1145
2022,Rockdale,312,263,575
2022,Schley,639,482,1121
2022,Screven,1513,1049,2562
2022,Seminole,198,199,397
2022,Spalding,493,381,874
2022,Stephens,133,304,437
2022,Stewart,1924,1467,3391
2022,Sumter,1602,976,2578
2022,Talbot,1515,943,2458
2022,Taliaferro,1045,685,1730
2022,Tattnall,1092,809,1901
2022,Taylor,1373,1065,2438
2022,Telfair,835,645,1480
2022,Terrell,1250,754,2004
2022,Thomas,804,560,1364
2022,Tift,411,251,662
2022,Toombs,988,773,1761
2022,Towns,78,270,348
2022,Treutlen,470,370,840
2022,Troup,1282,681,1963
2022,Turner,568,377,945
2022,Twiggs,1243,785,2028
2022,Union,591,845,1436
2022,Upson,1362,957,2319
2022,Walker,1143,1310,2453
2022,Walton,1094,963,2057
2022,Ware,849,565,1414
2022,Warren,1784,1176,2960
2022,Washington,2356,1768,4124
2022,Wayne,791,458,1249
2022,Webster,847,562,1409
2022,Wheeler,681,438,1119
2022,White,393,582,975
2022,Whitfield,469,816,1285
2022,Wilcox,549,465,1014
2022,Wilkes,2515,1641,4156
2022,Wilkinson,1399,999,2398
2022,Worth,1408,1048,2456
2023,Appling,1174,819,1993
2023,Atkinson,465,449,914
2023,Bacon,518,460,978
2023,Baker,717,561,1278
2023,Baldwin,844,716,1560
2023,Banks,845,1013,1858
2023,Barrow,452,554,1006
2023,Bartow,1549,1612,3161
2023,Ben Hill,530,456,986
2023,Berrien,1171,811,1982
2023,Bibb,325,312,637
2023,Bleckley,541,464,1005
2023,Brantley,315,304,619
2023,Brooks,765,741,1506
2023,Bryan,675,554,1229
2023,Bulloch,1319,1058,2377
2023,Burke,2847,2074,4921
2023,Butts,507,471,978
2023,Calhoun,1049,782,1831
2023,Camden,576,423,999
2023,Candler,728,518,1246
2023,Carroll,1344,1425,2769
2023,Catoosa,437,585,1022
2023,Charlton,443,347,790
2023,Chatham,283,224,507
2023,Chattahoochee,673,656,1329
2023,Chattooga,1043,1047,2090
2023,Cherokee,1539,1669,3208
2023,Clarke,414,345,759
2023,Clay,847,642,1489
2023,Clayton,143,87,230
2023,Clinch,685,436,1121
2023,Cobb,390,390,780
2023,Coffee,1068,911,1979
2023,Colquitt,931,1056,1987
2023,Columbia,1244,1020,2264
2023,Cook,501,429,930
2023,Coweta,1411,1372,2783
2023,Crawford,1079,1067,2146
2023,Crisp,513,468,981
2023,Dade,761,754,1515
2023,Dawson,453,582,1035
2023,Decatur,1002,927,1929
2023,DeKalb,124,167,291
2023,Dodge,1508,1165,2673
2023,Dooly,799,535,1334
2023,Dougherty,366,461,827
2023,Douglas,587,612,1199
2023,Early,1316,1218,2534
2023,Echols,347,316,663
2023,Effingham,1075,802,1877
2023,Elbert,1402,1273,2675
2023,Emanuel,1725,1505,3230
2023,Evans,527,410,937
2023,Fannin,601,1133,1734
2023,Fayette,534,469,1003
2023,Floyd,2043,2077,4120
2023,Forsyth,782,883,1665
2023,Franklin,1028,1174,2202
2023,Fulton,836,927,1763
2023,Gilmer,517,950,1467
2023,Glascock,502,466,968
2023,Glynn,340,229,569
2023,Gordon,1544,1712,3256
2023,Grady,631,649,1280
2023,Greene,1712,1445,3157
2023,Gwinnett,498,620,1118
2023,Habersham,434,938,1372
2023,Hall,1924,1925,3849
2023,Hancock,2797,1784,4581
2023,Haralson,718,744,1462
2023,Harris,1542,1171,2713
2023,Hart,1028,1054,2082
2023,Heard,878,932,1810
2023,Henry,568,631,1199
2023,Houston,836,760,1596
2023,Irwin,824,635,1459
2023,Jackson,1350,1473,2823
2023,Jasper,1280,1236,2516
2023,Jeff Davis,784,538,1322
2023,Jefferson,1566,1357,2923
2023,Jenkins,937,639,1576
2023,Johnson,888,723,1611
2023,Jones,1149,1033,2182
2023,Lamar,575,581,1156
2023,Lanier,351,252,603
2023,Laurens,2448,1977,4425
2023,Lee,978,805,1783
2023,Liberty,630,425,1055
2023,Lincoln,994,786,1780
2023,Long,433,342,775
2023,Lowndes,964,891,1855
2023,Lumpkin,757,892,1649
2023,Macon,1360,760,2120
2023,Madison,1370,1320,2690
2023,Marion,1195,1011,2206
2023,McDuffie,985,910,1895
2023,McIntosh,418,281,699
2023,Meriwether,2584,1502,4086
2023,Miller,500,465,965
2023,Mitchell,667,735,1402
2023,Monroe,1045,1012,2057
2023,Montgomery,654,472,1126
2023,Morgan,1429,1276,2705
2023,Murray,649,1008,1657
2023,Muscogee,450,419,869
2023,Newton,897,916,1813
2023,Oconee,545,483,1028
2023,Oglethorpe,1988,1698,3686
2023,Paulding,669,822,1491
2023,Peach,478,492,970
2023,Pickens,410,669,1079
2023,Pierce,381,317,698
2023,Pike,844,782,1626
2023,Polk,1419,1293,2712
2023,Pulaski,520,476,996
2023,Putnam,1289,1110,2399
2023,Quitman,542,516,1058
2023,Rabun,54,282,336
2023,Randolph,1693,1294,2987
2023,Richmond,558,544,1102
2023,Rockdale,313,290,603
2023,Schley,599,538,1137
2023,Screven,1835,1117,2952
2023,Seminole,195,250,445
2023,Spalding,519,524,1043
2023,Stephens,154,381,535
2023,Stewart,1616,1726,3342
2023,Sumter,1349,1234,2583
2023,Talbot,1458,1002,2460
2023,Taliaferro,870,742,1612
2023,Tattnall,1103,936,2039
2023,Taylor,1226,1210,2436
2023,Telfair,918,785,1703
2023,Terrell,1173,960,2133
2023,Thomas,862,806,1668
2023,Tift,363,391,754
2023,Toombs,1195,910,2105
2023,Towns,148,348,496
2023,Treutlen,604,494,1098
2023,Troup,1173,787,1960
2023,Turner,608,451,1059
2023,Twiggs,1071,819,1890
2023,Union,771,1082,1853
2023,Upson,1171,1022,2193
2023,Walker,1384,1543,2927
2023,Walton,1095,1104,2199
2023,Ware,891,643,1534
2023,Warren,1553,1219,2772
2023,Washington,2190,1872,4062
2023,Wayne,750,543,1293
2023,Webster,744,680,1424
2023,Wheeler,582,534,1116
2023,White,507,785,1292
2023,Whitfield,579,1077,1656
2023,Wilcox,544,629,1173
2023,Wilkes,2508,1902,4410
2023,Wilkinson,1274,1006,2280
2023,Worth,1443,1377,2820
2024,Appling,1209,1056,2265
2024,Atkinson,505,508,1013
2024,Bacon,620,584,1204
2024,Baker,922,543,1465
2024,Baldwin,935,781,1716
2024,Banks,985,1013,1998
2024,Barrow,513,567,1080
2024,Bartow,1347,1234,2581
2024,Ben Hill,541,474,1015
2024,Berrien,1032,998,2030
2024,Bibb,392,359,751
2024,Bleckley,497,496,993
2024,Brantley,417,400,817
2024,Brooks,698,850,1548
2024,Bryan,693,602,1295
2024,Bulloch,1435,1169,2604
2024,Burke,2941,2012,4953
2024,Butts,446,505,951
2024,Calhoun,1093,733,1826
2024,Camden,583,520,1103
2024,Candler,782,505,1287
2024,Carroll,1393,1377,2770
2024,Catoosa,461,562,1023
2024,Charlton,430,562,992
2024,Chatham,281,257,538
2024,Chattahoochee,752,652,1404
2024,Chattooga,841,927,1768
2024,Cherokee,1348,1395,2743
2024,Clarke,364,304,668
2024,Clay,1093,658,1751
2024,Clayton,123,96,219
2024,Clinch,628,623,1251
2024,Cobb,396,384,780
2024,Coffee,1143,1183,2326
2024,Colquitt,925,1030,1955
2024,Columbia,1170,928,2098
2024,Cook,555,511,1066
2024,Coweta,1534,1443,2977
2024,Crawford,1408,1035,2443
2024,Crisp,464,429,893
2024,Dade,576,606,1182
2024,Dawson,439,541,980
2024,Decatur,1108,957,2065
2024,DeKalb,116,130,246
2024,Dodge,1620,1267,2887
2024,Dooly,869,512,1381
2024,Dougherty,396,389,785
2024,Douglas,520,544,1064
2024,Early,1586,1298,2884
2024,Echols,294,403,697
2024,Effingham,1201,1073,2274
2024,Elbert,1443,1196,2639
2024,Emanuel,1616,1269,2885
2024,Evans,442,433,875
2024,Fannin,709,1152,1861
2024,Fayette,447,454,901
2024,Floyd,1975,1640,3615
2024,Forsyth,685,772,1457
2024,Franklin,1201,1112,2313
2024,Fulton,751,913,1664
2024,Gilmer,670,1025,1695
2024,Glascock,620,487,1107
2024,Glynn,389,322,711
2024,Gordon,1554,1518,3072
2024,Grady,634,612,1246
2024,Greene,1724,1495,3219
2024,Gwinnett,393,532,925
2024,Habersham,608,916,1524
2024,Hall,1652,1702,3354
2024,Hancock,2669,1821,4490
2024,Haralson,803,796,1599
2024,Harris,1669,1224,2893
2024,Hart,1111,1088,2199
2024,Heard,972,980,1952
2024,Henry,520,546,1066
2024,Houston,857,780,1637
2024,Irwin,878,605,1483
2024,Jackson,1580,1594,3174
2024,Jasper,1393,1236,2629
2024,Jeff Davis,802,680,1482
2024,Jefferson,1762,1411,3173
2024,Jenkins,849,536,1385
2024,Johnson,849,686,1535
2024,Jones,1104,952,2056
2024,Lamar,653,551,1204
2024,Lanier,274,277,551
2024,Laurens,2712,2056,4768
2024,Lee,1116,860,1976
2024,Liberty,613,530,1143
2024,Lincoln,1125,772,1897
2024,Long,425,393,818
2024,Lowndes,940,1101,2041
2024,Lumpkin,575,748,1323
2024,Macon,1657,833,2490
2024,Madison,1310,1265,2575
2024,Marion,1248,1035,2283
2024,McDuffie,1157,965,2122
2024,McIntosh,347,294,641
2024,Meriwether,2906,1644,4550
2024,Miller,649,474,1123
2024,Mitchell,685,654,1339
2024,Monroe,1149,981,2130
2024,Montgomery,643,441,1084
2024,Morgan,1410,1173,2583
2024,Murray,853,951,1804
2024,Muscogee,492,412,904
2024,Newton,906,892,1798
2024,Oconee,499,447,946
2024,Oglethorpe,1974,1624,3598
2024,Paulding,774,821,1595
2024,Peach,511,435,946
2024,Pickens,439,601,1040
2024,Pierce,369,386,755
2024,Pike,1092,894,1986
2024,Polk,1278,1167,2445
2024,Pulaski,548,509,1057
2024,Putnam,1426,1117,2543
2024,Quitman,640,503,1143
2024,Rabun,69,309,378
2024,Randolph,1869,1274,3143
2024,Richmond,517,535,1052
2024,Rockdale,255,279,534
2024,Schley,667,607,1274
2024,Screven,1694,1285,2979
2024,Seminole,244,236,480
2024,Spalding,526,493,1019
2024,Stephens,253,384,637
2024,Stewart,2288,1780,4068
2024,Sumter,1465,1225,2690
2024,Talbot,1397,1118,2515
2024,Taliaferro,873,680,1553
2024,Tattnall,1181,1005,2186
2024,Taylor,1440,1257,2697
2024,Telfair,1020,853,1873
2024,Terrell,1277,997,2274
2024,Thomas,858,800,1658
2024,Tift,462,377,839
2024,Toombs,1148,1021,2169
2024,Towns,185,396,581
2024,Treutlen,538,393,931
2024,Troup,1195,831,2026
2024,Turner,652,496,1148
2024,Twiggs,1161,835,1996
2024,Union,846,1054,1900
2024,Upson,1284,1106,2390
2024,Walker,1303,1379,2682
2024,Walton,1032,1024,2056
2024,Ware,988,883,1871
2024,Warren,1770,1257,3027
2024,Washington,2518,1973,4491
2024,Wayne,867,711,1578
2024,Webster,880,708,1588
2024,Wheeler,623,550,1173
2024,White,577,702,1279
2024,Whitfield,732,1081,1813
2024,Wilcox,578,656,1234
2024,Wilkes,2381,1823,4204
2024,Wilkinson,1373,1136,2509
2024,Worth,1604,1293,2897
2025,Appling,1005,842,1847
2025,Atkinson,329,405,734
2025,Bacon,463,577,1040
2025,Baker,830,487,1317
2025,Baldwin,799,782,1581
2025,Banks,1179,1251,2430
2025,Barrow,526,563,1089
2025,Bartow,1598,1580,3178
2025,Ben Hill,503,465,968
2025,Berrien,1035,908,1943
2025,Bibb,330,282,612
2025,Bleckley,474,442,916
2025,Brantley,467,351,818
2025,Brooks,659,840,1499
2025,Bryan,513,548,1061
2025,Bulloch,1128,979,2107
2025,Burke,2288,1470,3758
2025,Butts,517,544,1061
2025,Calhoun,1110,769,1879
2025,Camden,430,410,840
2025,Candler,535,372,907
2025,Carroll,1439,1598,3037
2025,Catoosa,598,592,1190
2025,Charlton,472,592,1064
2025,Chatham,204,216,420
2025,Chattahoochee,642,645,1287
2025,Chattooga,1124,1115,2239
2025,Cherokee,1525,1656,3181
2025,Clarke,360,320,680
2025,Clay,883,699,1582
2025,Clayton,109,95,204
2025,Clinch,623,591,1214
2025,Cobb,412,401,813
2025,Coffee,875,901,1776
2025,Colquitt,1021,1044,2065
2025,Columbia,1008,790,1798
2025,Cook,434,492,926
2025,Coweta,1583,1522,3105
2025,Crawford,1145,924,2069
2025,Crisp,375,422,797
2025,Dade,651,686,1337
2025,Dawson,522,589,1111
2025,Decatur,1080,977,2057
2025,DeKalb,132,156,288
2025,Dodge,1252,1049,2301
2025,Dooly,922,530,1452
2025,Dougherty,387,432,819
2025,Douglas,517,627,1144
2025,Early,1682,1240,2922
2025,Echols,244,344,588
2025,Effingham,937,807,1744
2025,Elbert,1489,1348,2837
2025,Emanuel,1176,863,2039
2025,Evans,362,346,708
2025,Fannin,776,1328,2104
2025,Fayette,542,508,1050
2025,Floyd,2303,2000,4303
2025,Forsyth,889,912,1801
2025,Franklin,1369,1282,2651
2025,Fulton,863,999,1862
2025,Gilmer,674,1041,1715
2025,Glascock,502,433,935
2025,Glynn,362,282,644
2025,Gordon,1866,1859,3725
2025,Grady,608,603,1211
2025,Greene,1603,1533,3136
2025,Gwinnett,450,597,1047
2025,Habersham,588,908,1496
2025,Hall,2062,1991,4053
2025,Hancock,2594,1702,4296
2025,Haralson,753,838,1591
2025,Harris,1483,1117,2600
2025,Hart,1348,1188,2536
2025,Heard,1075,978,2053
2025,Henry,466,523,989
2025,Houston,776,689,1465
2025,Irwin,861,550,1411
2025,Jackson,1600,1566,3166
2025,Jasper,1558,1240,2798
2025,Jeff Davis,483,537,1020
2025,Jefferson,1364,1102,2466
2025,Jenkins,646,446,1092
2025,Johnson,601,487,1088
2025,Jones,1139,893,2032
2025,Lamar,645,551,1196
2025,Lanier,169,219,388
2025,Laurens,1976,1668,3644
2025,Lee,739,680,1419
2025,Liberty,533,470,1003
2025,Lincoln,953,781,1734
2025,Long,329,311,640
2025,Lowndes,724,863,1587
2025,Lumpkin,617,916,1533
2025,Macon,1224,687,1911
2025,Madison,1675,1491,3166
2025,Marion,992,942,1934
2025,McDuffie,962,868,1830
2025,McIntosh,407,323,730
2025,Meriwether,2338,1561,3899
2025,Miller,523,496,1019
2025,Mitchell,745,749,1494
2025,Monroe,1028,912,1940
2025,Montgomery,346,295,641
2025,Morgan,1426,1193,2619
2025,Murray,983,1143,2126
2025,Muscogee,416,364,780
2025,Newton,992,977,1969
2025,Oconee,533,522,1055
2025,Oglethorpe,1976,1674,3650
2025,Paulding,825,850,1675
2025,Peach,402,372,774
2025,Pickens,547,692,1239
2025,Pierce,405,351,756
2025,Pike,1021,803,1824
2025,Polk,1399,1249,2648
2025,Pulaski,464,377,841
2025,Putnam,1298,1060,2358
2025,Quitman,578,497,1075
2025,Rabun,70,331,401
2025,Randolph,1480,1221,2701
2025,Richmond,393,328,721
2025,Rockdale,255,288,543
2025,Schley,604,516,1120
2025,Screven,1236,1155,2391
2025,Seminole,220,222,442
2025,Spalding,584,521,1105
2025,Stephens,348,514,862
2025,Stewart,1783,1606,3389
2025,Sumter,1191,1067,2258
2025,Talbot,1298,1036,2334
2025,Taliaferro,826,667,1493
2025,Tattnall,952,779,1731
2025,Taylor,1190,1118,2308
2025,Telfair,813,687,1500
2025,Terrell,1157,917,2074
2025,Thomas,824,757,1581
2025,Tift,432,399,831
2025,Toombs,792,711,1503
2025,Towns,220,456,676
2025,Treutlen,352,284,636
2025,Troup,1111,807,1918
2025,Turner,599,455,1054
2025,Twiggs,1060,745,1805
2025,Union,1030,1339,2369
2025,Upson,1194,1093,2287
2025,Walker,1498,1488,2986
2025,Walton,1071,1097,2168
2025,Ware,904,831,1735
2025,Warren,1495,1093,2588
2025,Washington,2104,1813,3917
2025,Wayne,802,597,1399
2025,Webster,788,668,1456
2025,Wheeler,392,402,794
2025,White,567,785,1352
2025,Whitfield,798,1202,2000
2025,Wilcox,604,676,1280
2025,Wilkes,2224,1686,3910
2025,Wilkinson,1179,944,2123
2025,Worth,1458,1248,2706
